id,filename,url,alt_text
1,album-1-324x324.jpg,http://demostore.supersqa.com/wp-content/uploads/2022/09/album-1-324x324.jpg,Missing text
2,beanie-2-324x324.jpg,http://demostore.supersqa.com/wp-content/uploads/2022/09/beanie-2-324x324.jpg,Missing text
3,beanie-with-logo-1-324x324.jpg,http://demostore.supersqa.com/wp-content/uploads/2022/09/beanie-with-logo-1-324x324.jpg,Missing text
4,belt-2-324x324.jpg,http://demostore.supersqa.com/wp-content/uploads/2022/09/belt-2-324x324.jpg,Missing text
5,cap-2-324x324.jpg,http://demostore.supersqa.com/wp-content/uploads/2022/09/cap-2-324x324.jpg,Missing text
6,hoodie-2-324x324.jpg,http://demostore.supersqa.com/wp-content/uploads/2022/09/hoodie-2-324x324.jpg,Missing text
7,hoodie-with-logo-2-324x324.jpg,http://demostore.supersqa.com/wp-content/uploads/2022/09/hoodie-with-logo-2-324x324.jpg,Missing text
8,hoodie-with-zipper-2-324x324.jpg,http://demostore.supersqa.com/wp-content/uploads/2022/09/hoodie-with-zipper-2-324x324.jpg,Missing text
9,logo-1-324x324.jpg,http://demostore.supersqa.com/wp-content/uploads/2022/09/logo-1-324x324.jpg,Missing text
10,long-sleeve-tee-2-324x324.jpg,http://demostore.supersqa.com/wp-content/uploads/2022/09/long-sleeve-tee-2-324x324.jpg,Missing text
11,polo-2-324x324.jpg,http://demostore.supersqa.com/wp-content/uploads/2022/09/polo-2-324x324.jpg,Missing text
12,single-1-324x324.jpg,http://demostore.supersqa.com/wp-content/uploads/2022/09/single-1-324x324.jpg,Missing text
13,sunglasses-2-324x324.jpg,http://demostore.supersqa.com/wp-content/uploads/2022/09/sunglasses-2-324x324.jpg,Missing text
14,tshirt-2-324x324.jpg,http://demostore.supersqa.com/wp-content/uploads/2022/09/tshirt-2-324x324.jpg,Missing text
15,t-shirt-with-logo-1-324x324.jpg,http://demostore.supersqa.com/wp-content/uploads/2022/09/t-shirt-with-logo-1-324x324.jpg,Missing text
16,vneck-tee-2-324x324.jpg,http://demostore.supersqa.com/wp-content/uploads/2022/09/vneck-tee-2-324x324.jpg,Missing text
